{
    "baseline_metrics": {
        "cross_entropy_loss": 1.9233152247115342,
        "perplexity": 6.843608379364014
    },
    "sft_metrics": {
        "cross_entropy_loss": 1.226754366273066,
        "perplexity": 3.4101433753967285
    }
}