{
    "baseline_metrics": {
        "cross_entropy_loss": 1.9225968661608226,
        "perplexity": 6.838694095611572
    },
    "sft_metrics": {
        "cross_entropy_loss": 1.2289318906299107,
        "perplexity": 3.4175772666931152
    }
}